instance_stem,num_subjects,num_groups,num_p,population_size,generations,crossover_rate,mutation_rate,tournament_size,elitism,seed,best_fitness,elapsed_seconds,results_file,assignment_file,arm_type,instance_id,h_file,m_file
H_20_obs_3_id_1,20,2,3,100,200,1.0,0.14,2,3,123,0.48640642416798585,0.738887708999755,results/twoarm/GA_results_H_20_obs_3_id_1_P100_G200_C1p00_M0p14_T2_E3.csv,results/twoarm/GA_assignment_H_20_obs_3_id_1_P100_G200_C1p00_M0p14_T2_E3.csv,twoarm,1,covariate_matrices_twoarm/H_20_obs_3_id_1.csv,moments_matrices/M_l_2_0.csv
H_20_obs_3_id_2,20,2,3,100,200,1.0,0.14,2,3,123,0.36353603901880394,0.7512068340001861,results/twoarm/GA_results_H_20_obs_3_id_2_P100_G200_C1p00_M0p14_T2_E3.csv,results/twoarm/GA_assignment_H_20_obs_3_id_2_P100_G200_C1p00_M0p14_T2_E3.csv,twoarm,2,covariate_matrices_twoarm/H_20_obs_3_id_2.csv,moments_matrices/M_l_2_0.csv
H_20_obs_3_id_3,20,2,3,100,200,1.0,0.14,2,3,123,0.40441966950830144,0.7545498339986807,results/twoarm/GA_results_H_20_obs_3_id_3_P100_G200_C1p00_M0p14_T2_E3.csv,results/twoarm/GA_assignment_H_20_obs_3_id_3_P100_G200_C1p00_M0p14_T2_E3.csv,twoarm,3,covariate_matrices_twoarm/H_20_obs_3_id_3.csv,moments_matrices/M_l_2_0.csv
H_20_obs_3_id_4,20,2,3,100,200,1.0,0.14,2,3,123,0.38067637844602525,0.7556577499999548,results/twoarm/GA_results_H_20_obs_3_id_4_P100_G200_C1p00_M0p14_T2_E3.csv,results/twoarm/GA_assignment_H_20_obs_3_id_4_P100_G200_C1p00_M0p14_T2_E3.csv,twoarm,4,covariate_matrices_twoarm/H_20_obs_3_id_4.csv,moments_matrices/M_l_2_0.csv
H_20_obs_3_id_5,20,2,3,100,200,1.0,0.14,2,3,123,0.3490943768330887,0.746180041000116,results/twoarm/GA_results_H_20_obs_3_id_5_P100_G200_C1p00_M0p14_T2_E3.csv,results/twoarm/GA_assignment_H_20_obs_3_id_5_P100_G200_C1p00_M0p14_T2_E3.csv,twoarm,5,covariate_matrices_twoarm/H_20_obs_3_id_5.csv,moments_matrices/M_l_2_0.csv
H_20_obs_4_id_1,20,2,4,100,200,1.0,0.14,2,3,123,0.47980227025065564,0.765043291999973,results/twoarm/GA_results_H_20_obs_4_id_1_P100_G200_C1p00_M0p14_T2_E3.csv,results/twoarm/GA_assignment_H_20_obs_4_id_1_P100_G200_C1p00_M0p14_T2_E3.csv,twoarm,1,covariate_matrices_twoarm/H_20_obs_4_id_1.csv,moments_matrices/M_l_2_1.csv
H_20_obs_4_id_2,20,2,4,100,200,1.0,0.14,2,3,123,0.5041082218665044,0.7605228749998787,results/twoarm/GA_results_H_20_obs_4_id_2_P100_G200_C1p00_M0p14_T2_E3.csv,results/twoarm/GA_assignment_H_20_obs_4_id_2_P100_G200_C1p00_M0p14_T2_E3.csv,twoarm,2,covariate_matrices_twoarm/H_20_obs_4_id_2.csv,moments_matrices/M_l_2_1.csv
H_20_obs_4_id_3,20,2,4,100,200,1.0,0.14,2,3,123,0.7529521135107446,0.7732717920007417,results/twoarm/GA_results_H_20_obs_4_id_3_P100_G200_C1p00_M0p14_T2_E3.csv,results/twoarm/GA_assignment_H_20_obs_4_id_3_P100_G200_C1p00_M0p14_T2_E3.csv,twoarm,3,covariate_matrices_twoarm/H_20_obs_4_id_3.csv,moments_matrices/M_l_2_1.csv
H_20_obs_4_id_4,20,2,4,100,200,1.0,0.14,2,3,123,0.45750641029485983,0.7593099170007918,results/twoarm/GA_results_H_20_obs_4_id_4_P100_G200_C1p00_M0p14_T2_E3.csv,results/twoarm/GA_assignment_H_20_obs_4_id_4_P100_G200_C1p00_M0p14_T2_E3.csv,twoarm,4,covariate_matrices_twoarm/H_20_obs_4_id_4.csv,moments_matrices/M_l_2_1.csv
H_20_obs_4_id_5,20,2,4,100,200,1.0,0.14,2,3,123,0.5952161429341962,0.7674197500000446,results/twoarm/GA_results_H_20_obs_4_id_5_P100_G200_C1p00_M0p14_T2_E3.csv,results/twoarm/GA_assignment_H_20_obs_4_id_5_P100_G200_C1p00_M0p14_T2_E3.csv,twoarm,5,covariate_matrices_twoarm/H_20_obs_4_id_5.csv,moments_matrices/M_l_2_1.csv
H_20_obs_5_id_1,20,2,5,100,200,1.0,0.14,2,3,123,0.8495998335802253,0.783889457999976,results/twoarm/GA_results_H_20_obs_5_id_1_P100_G200_C1p00_M0p14_T2_E3.csv,results/twoarm/GA_assignment_H_20_obs_5_id_1_P100_G200_C1p00_M0p14_T2_E3.csv,twoarm,1,covariate_matrices_twoarm/H_20_obs_5_id_1.csv,moments_matrices/M_l_2_2.csv
H_20_obs_5_id_2,20,2,5,100,200,1.0,0.14,2,3,123,0.7019879812586169,0.7968067499987228,results/twoarm/GA_results_H_20_obs_5_id_2_P100_G200_C1p00_M0p14_T2_E3.csv,results/twoarm/GA_assignment_H_20_obs_5_id_2_P100_G200_C1p00_M0p14_T2_E3.csv,twoarm,2,covariate_matrices_twoarm/H_20_obs_5_id_2.csv,moments_matrices/M_l_2_2.csv
H_20_obs_5_id_3,20,2,5,100,200,1.0,0.14,2,3,123,0.648869244685141,0.7821192079991306,results/twoarm/GA_results_H_20_obs_5_id_3_P100_G200_C1p00_M0p14_T2_E3.csv,results/twoarm/GA_assignment_H_20_obs_5_id_3_P100_G200_C1p00_M0p14_T2_E3.csv,twoarm,3,covariate_matrices_twoarm/H_20_obs_5_id_3.csv,moments_matrices/M_l_2_2.csv
H_20_obs_5_id_4,20,2,5,100,200,1.0,0.14,2,3,123,0.796334318872658,0.7836174170006416,results/twoarm/GA_results_H_20_obs_5_id_4_P100_G200_C1p00_M0p14_T2_E3.csv,results/twoarm/GA_assignment_H_20_obs_5_id_4_P100_G200_C1p00_M0p14_T2_E3.csv,twoarm,4,covariate_matrices_twoarm/H_20_obs_5_id_4.csv,moments_matrices/M_l_2_2.csv
H_20_obs_5_id_5,20,2,5,100,200,1.0,0.14,2,3,123,0.9436904256778966,0.7940080829994258,results/twoarm/GA_results_H_20_obs_5_id_5_P100_G200_C1p00_M0p14_T2_E3.csv,results/twoarm/GA_assignment_H_20_obs_5_id_5_P100_G200_C1p00_M0p14_T2_E3.csv,twoarm,5,covariate_matrices_twoarm/H_20_obs_5_id_5.csv,moments_matrices/M_l_2_2.csv
H_30_obs_3_id_1,30,2,3,100,200,1.0,0.14,2,3,123,0.2442248058418933,0.8702736249997542,results/twoarm/GA_results_H_30_obs_3_id_1_P100_G200_C1p00_M0p14_T2_E3.csv,results/twoarm/GA_assignment_H_30_obs_3_id_1_P100_G200_C1p00_M0p14_T2_E3.csv,twoarm,1,covariate_matrices_twoarm/H_30_obs_3_id_1.csv,moments_matrices/M_l_2_0.csv
H_30_obs_3_id_2,30,2,3,100,200,1.0,0.14,2,3,123,0.22992323024990868,0.8846822499999689,results/twoarm/GA_results_H_30_obs_3_id_2_P100_G200_C1p00_M0p14_T2_E3.csv,results/twoarm/GA_assignment_H_30_obs_3_id_2_P100_G200_C1p00_M0p14_T2_E3.csv,twoarm,2,covariate_matrices_twoarm/H_30_obs_3_id_2.csv,moments_matrices/M_l_2_0.csv
H_30_obs_3_id_3,30,2,3,100,200,1.0,0.14,2,3,123,0.21304866642128273,0.8849585829993885,results/twoarm/GA_results_H_30_obs_3_id_3_P100_G200_C1p00_M0p14_T2_E3.csv,results/twoarm/GA_assignment_H_30_obs_3_id_3_P100_G200_C1p00_M0p14_T2_E3.csv,twoarm,3,covariate_matrices_twoarm/H_30_obs_3_id_3.csv,moments_matrices/M_l_2_0.csv
H_30_obs_3_id_4,30,2,3,100,200,1.0,0.14,2,3,123,0.23685078120829484,0.8781525000013062,results/twoarm/GA_results_H_30_obs_3_id_4_P100_G200_C1p00_M0p14_T2_E3.csv,results/twoarm/GA_assignment_H_30_obs_3_id_4_P100_G200_C1p00_M0p14_T2_E3.csv,twoarm,4,covariate_matrices_twoarm/H_30_obs_3_id_4.csv,moments_matrices/M_l_2_0.csv
H_30_obs_3_id_5,30,2,3,100,200,1.0,0.14,2,3,123,0.2198640115413772,0.8792974579992006,results/twoarm/GA_results_H_30_obs_3_id_5_P100_G200_C1p00_M0p14_T2_E3.csv,results/twoarm/GA_assignment_H_30_obs_3_id_5_P100_G200_C1p00_M0p14_T2_E3.csv,twoarm,5,covariate_matrices_twoarm/H_30_obs_3_id_5.csv,moments_matrices/M_l_2_0.csv
H_30_obs_4_id_1,30,2,4,100,200,1.0,0.14,2,3,123,0.29006859021372766,0.8839077080010611,results/twoarm/GA_results_H_30_obs_4_id_1_P100_G200_C1p00_M0p14_T2_E3.csv,results/twoarm/GA_assignment_H_30_obs_4_id_1_P100_G200_C1p00_M0p14_T2_E3.csv,twoarm,1,covariate_matrices_twoarm/H_30_obs_4_id_1.csv,moments_matrices/M_l_2_1.csv
H_30_obs_4_id_2,30,2,4,100,200,1.0,0.14,2,3,123,0.2832608210070501,0.8890134590001253,results/twoarm/GA_results_H_30_obs_4_id_2_P100_G200_C1p00_M0p14_T2_E3.csv,results/twoarm/GA_assignment_H_30_obs_4_id_2_P100_G200_C1p00_M0p14_T2_E3.csv,twoarm,2,covariate_matrices_twoarm/H_30_obs_4_id_2.csv,moments_matrices/M_l_2_1.csv
H_30_obs_4_id_3,30,2,4,100,200,1.0,0.14,2,3,123,0.4066001753026489,0.8939686250014347,results/twoarm/GA_results_H_30_obs_4_id_3_P100_G200_C1p00_M0p14_T2_E3.csv,results/twoarm/GA_assignment_H_30_obs_4_id_3_P100_G200_C1p00_M0p14_T2_E3.csv,twoarm,3,covariate_matrices_twoarm/H_30_obs_4_id_3.csv,moments_matrices/M_l_2_1.csv
H_30_obs_4_id_4,30,2,4,100,200,1.0,0.14,2,3,123,0.33405813217133373,0.8938482499997917,results/twoarm/GA_results_H_30_obs_4_id_4_P100_G200_C1p00_M0p14_T2_E3.csv,results/twoarm/GA_assignment_H_30_obs_4_id_4_P100_G200_C1p00_M0p14_T2_E3.csv,twoarm,4,covariate_matrices_twoarm/H_30_obs_4_id_4.csv,moments_matrices/M_l_2_1.csv
H_30_obs_4_id_5,30,2,4,100,200,1.0,0.14,2,3,123,0.28760662531188674,0.8963383330010402,results/twoarm/GA_results_H_30_obs_4_id_5_P100_G200_C1p00_M0p14_T2_E3.csv,results/twoarm/GA_assignment_H_30_obs_4_id_5_P100_G200_C1p00_M0p14_T2_E3.csv,twoarm,5,covariate_matrices_twoarm/H_30_obs_4_id_5.csv,moments_matrices/M_l_2_1.csv
H_30_obs_5_id_1,30,2,5,100,200,1.0,0.14,2,3,123,0.3637885450054077,0.9039468749997468,results/twoarm/GA_results_H_30_obs_5_id_1_P100_G200_C1p00_M0p14_T2_E3.csv,results/twoarm/GA_assignment_H_30_obs_5_id_1_P100_G200_C1p00_M0p14_T2_E3.csv,twoarm,1,covariate_matrices_twoarm/H_30_obs_5_id_1.csv,moments_matrices/M_l_2_2.csv
H_30_obs_5_id_2,30,2,5,100,200,1.0,0.14,2,3,123,0.39959674450765803,0.9142562910001288,results/twoarm/GA_results_H_30_obs_5_id_2_P100_G200_C1p00_M0p14_T2_E3.csv,results/twoarm/GA_assignment_H_30_obs_5_id_2_P100_G200_C1p00_M0p14_T2_E3.csv,twoarm,2,covariate_matrices_twoarm/H_30_obs_5_id_2.csv,moments_matrices/M_l_2_2.csv
H_30_obs_5_id_3,30,2,5,100,200,1.0,0.14,2,3,123,0.44381732499762383,0.9089569169991591,results/twoarm/GA_results_H_30_obs_5_id_3_P100_G200_C1p00_M0p14_T2_E3.csv,results/twoarm/GA_assignment_H_30_obs_5_id_3_P100_G200_C1p00_M0p14_T2_E3.csv,twoarm,3,covariate_matrices_twoarm/H_30_obs_5_id_3.csv,moments_matrices/M_l_2_2.csv
H_30_obs_5_id_4,30,2,5,100,200,1.0,0.14,2,3,123,0.3845613412120137,0.922689666000224,results/twoarm/GA_results_H_30_obs_5_id_4_P100_G200_C1p00_M0p14_T2_E3.csv,results/twoarm/GA_assignment_H_30_obs_5_id_4_P100_G200_C1p00_M0p14_T2_E3.csv,twoarm,4,covariate_matrices_twoarm/H_30_obs_5_id_4.csv,moments_matrices/M_l_2_2.csv
H_30_obs_5_id_5,30,2,5,100,200,1.0,0.14,2,3,123,0.5048120102727046,0.92413999999917,results/twoarm/GA_results_H_30_obs_5_id_5_P100_G200_C1p00_M0p14_T2_E3.csv,results/twoarm/GA_assignment_H_30_obs_5_id_5_P100_G200_C1p00_M0p14_T2_E3.csv,twoarm,5,covariate_matrices_twoarm/H_30_obs_5_id_5.csv,moments_matrices/M_l_2_2.csv
H_40_obs_3_id_1,40,2,3,100,200,1.0,0.14,2,3,123,0.18437471904374172,1.0012228750001668,results/twoarm/GA_results_H_40_obs_3_id_1_P100_G200_C1p00_M0p14_T2_E3.csv,results/twoarm/GA_assignment_H_40_obs_3_id_1_P100_G200_C1p00_M0p14_T2_E3.csv,twoarm,1,covariate_matrices_twoarm/H_40_obs_3_id_1.csv,moments_matrices/M_l_2_0.csv
H_40_obs_3_id_2,40,2,3,100,200,1.0,0.14,2,3,123,0.15183123772144924,1.000088875000074,results/twoarm/GA_results_H_40_obs_3_id_2_P100_G200_C1p00_M0p14_T2_E3.csv,results/twoarm/GA_assignment_H_40_obs_3_id_2_P100_G200_C1p00_M0p14_T2_E3.csv,twoarm,2,covariate_matrices_twoarm/H_40_obs_3_id_2.csv,moments_matrices/M_l_2_0.csv
H_40_obs_3_id_3,40,2,3,100,200,1.0,0.14,2,3,123,0.1838686752041409,1.0040204169999924,results/twoarm/GA_results_H_40_obs_3_id_3_P100_G200_C1p00_M0p14_T2_E3.csv,results/twoarm/GA_assignment_H_40_obs_3_id_3_P100_G200_C1p00_M0p14_T2_E3.csv,twoarm,3,covariate_matrices_twoarm/H_40_obs_3_id_3.csv,moments_matrices/M_l_2_0.csv
H_40_obs_3_id_4,40,2,3,100,200,1.0,0.14,2,3,123,0.1774224113947454,1.0033585829987715,results/twoarm/GA_results_H_40_obs_3_id_4_P100_G200_C1p00_M0p14_T2_E3.csv,results/twoarm/GA_assignment_H_40_obs_3_id_4_P100_G200_C1p00_M0p14_T2_E3.csv,twoarm,4,covariate_matrices_twoarm/H_40_obs_3_id_4.csv,moments_matrices/M_l_2_0.csv
H_40_obs_3_id_5,40,2,3,100,200,1.0,0.14,2,3,123,0.16246346303496828,0.9979287919995841,results/twoarm/GA_results_H_40_obs_3_id_5_P100_G200_C1p00_M0p14_T2_E3.csv,results/twoarm/GA_assignment_H_40_obs_3_id_5_P100_G200_C1p00_M0p14_T2_E3.csv,twoarm,5,covariate_matrices_twoarm/H_40_obs_3_id_5.csv,moments_matrices/M_l_2_0.csv
H_40_obs_4_id_1,40,2,4,100,200,1.0,0.14,2,3,123,0.22101494976678301,1.0040325000009034,results/twoarm/GA_results_H_40_obs_4_id_1_P100_G200_C1p00_M0p14_T2_E3.csv,results/twoarm/GA_assignment_H_40_obs_4_id_1_P100_G200_C1p00_M0p14_T2_E3.csv,twoarm,1,covariate_matrices_twoarm/H_40_obs_4_id_1.csv,moments_matrices/M_l_2_1.csv
H_40_obs_4_id_2,40,2,4,100,200,1.0,0.14,2,3,123,0.2361117879352574,1.0128242080008931,results/twoarm/GA_results_H_40_obs_4_id_2_P100_G200_C1p00_M0p14_T2_E3.csv,results/twoarm/GA_assignment_H_40_obs_4_id_2_P100_G200_C1p00_M0p14_T2_E3.csv,twoarm,2,covariate_matrices_twoarm/H_40_obs_4_id_2.csv,moments_matrices/M_l_2_1.csv
H_40_obs_4_id_3,40,2,4,100,200,1.0,0.14,2,3,123,0.245944293090925,1.012611583000762,results/twoarm/GA_results_H_40_obs_4_id_3_P100_G200_C1p00_M0p14_T2_E3.csv,results/twoarm/GA_assignment_H_40_obs_4_id_3_P100_G200_C1p00_M0p14_T2_E3.csv,twoarm,3,covariate_matrices_twoarm/H_40_obs_4_id_3.csv,moments_matrices/M_l_2_1.csv
H_40_obs_4_id_4,40,2,4,100,200,1.0,0.14,2,3,123,0.2380076721412641,1.0077948340003786,results/twoarm/GA_results_H_40_obs_4_id_4_P100_G200_C1p00_M0p14_T2_E3.csv,results/twoarm/GA_assignment_H_40_obs_4_id_4_P100_G200_C1p00_M0p14_T2_E3.csv,twoarm,4,covariate_matrices_twoarm/H_40_obs_4_id_4.csv,moments_matrices/M_l_2_1.csv
H_40_obs_4_id_5,40,2,4,100,200,1.0,0.14,2,3,123,0.23407578497434733,1.0064470840006834,results/twoarm/GA_results_H_40_obs_4_id_5_P100_G200_C1p00_M0p14_T2_E3.csv,results/twoarm/GA_assignment_H_40_obs_4_id_5_P100_G200_C1p00_M0p14_T2_E3.csv,twoarm,5,covariate_matrices_twoarm/H_40_obs_4_id_5.csv,moments_matrices/M_l_2_1.csv
H_40_obs_5_id_1,40,2,5,100,200,1.0,0.14,2,3,123,0.2864935337669753,1.0325699170007283,results/twoarm/GA_results_H_40_obs_5_id_1_P100_G200_C1p00_M0p14_T2_E3.csv,results/twoarm/GA_assignment_H_40_obs_5_id_1_P100_G200_C1p00_M0p14_T2_E3.csv,twoarm,1,covariate_matrices_twoarm/H_40_obs_5_id_1.csv,moments_matrices/M_l_2_2.csv
H_40_obs_5_id_2,40,2,5,100,200,1.0,0.14,2,3,123,0.2924855649947002,1.047310625001046,results/twoarm/GA_results_H_40_obs_5_id_2_P100_G200_C1p00_M0p14_T2_E3.csv,results/twoarm/GA_assignment_H_40_obs_5_id_2_P100_G200_C1p00_M0p14_T2_E3.csv,twoarm,2,covariate_matrices_twoarm/H_40_obs_5_id_2.csv,moments_matrices/M_l_2_2.csv
H_40_obs_5_id_3,40,2,5,100,200,1.0,0.14,2,3,123,0.3499590850202908,1.0503404999999475,results/twoarm/GA_results_H_40_obs_5_id_3_P100_G200_C1p00_M0p14_T2_E3.csv,results/twoarm/GA_assignment_H_40_obs_5_id_3_P100_G200_C1p00_M0p14_T2_E3.csv,twoarm,3,covariate_matrices_twoarm/H_40_obs_5_id_3.csv,moments_matrices/M_l_2_2.csv
H_40_obs_5_id_4,40,2,5,100,200,1.0,0.14,2,3,123,0.27566408552194704,1.033600667000428,results/twoarm/GA_results_H_40_obs_5_id_4_P100_G200_C1p00_M0p14_T2_E3.csv,results/twoarm/GA_assignment_H_40_obs_5_id_4_P100_G200_C1p00_M0p14_T2_E3.csv,twoarm,4,covariate_matrices_twoarm/H_40_obs_5_id_4.csv,moments_matrices/M_l_2_2.csv
H_40_obs_5_id_5,40,2,5,100,200,1.0,0.14,2,3,123,0.28019928885074874,1.0363782910008013,results/twoarm/GA_results_H_40_obs_5_id_5_P100_G200_C1p00_M0p14_T2_E3.csv,results/twoarm/GA_assignment_H_40_obs_5_id_5_P100_G200_C1p00_M0p14_T2_E3.csv,twoarm,5,covariate_matrices_twoarm/H_40_obs_5_id_5.csv,moments_matrices/M_l_2_2.csv
H_50_obs_3_id_1,50,2,3,100,200,1.0,0.14,2,3,123,0.1238504637372454,1.1191909999997733,results/twoarm/GA_results_H_50_obs_3_id_1_P100_G200_C1p00_M0p14_T2_E3.csv,results/twoarm/GA_assignment_H_50_obs_3_id_1_P100_G200_C1p00_M0p14_T2_E3.csv,twoarm,1,covariate_matrices_twoarm/H_50_obs_3_id_1.csv,moments_matrices/M_l_2_0.csv
H_50_obs_3_id_2,50,2,3,100,200,1.0,0.14,2,3,123,0.1309450921868478,1.1231960829991294,results/twoarm/GA_results_H_50_obs_3_id_2_P100_G200_C1p00_M0p14_T2_E3.csv,results/twoarm/GA_assignment_H_50_obs_3_id_2_P100_G200_C1p00_M0p14_T2_E3.csv,twoarm,2,covariate_matrices_twoarm/H_50_obs_3_id_2.csv,moments_matrices/M_l_2_0.csv
H_50_obs_3_id_3,50,2,3,100,200,1.0,0.14,2,3,123,0.1495202229634939,1.1231663750004373,results/twoarm/GA_results_H_50_obs_3_id_3_P100_G200_C1p00_M0p14_T2_E3.csv,results/twoarm/GA_assignment_H_50_obs_3_id_3_P100_G200_C1p00_M0p14_T2_E3.csv,twoarm,3,covariate_matrices_twoarm/H_50_obs_3_id_3.csv,moments_matrices/M_l_2_0.csv
H_50_obs_3_id_4,50,2,3,100,200,1.0,0.14,2,3,123,0.12164422910892529,1.121334041999944,results/twoarm/GA_results_H_50_obs_3_id_4_P100_G200_C1p00_M0p14_T2_E3.csv,results/twoarm/GA_assignment_H_50_obs_3_id_4_P100_G200_C1p00_M0p14_T2_E3.csv,twoarm,4,covariate_matrices_twoarm/H_50_obs_3_id_4.csv,moments_matrices/M_l_2_0.csv
H_50_obs_3_id_5,50,2,3,100,200,1.0,0.14,2,3,123,0.15172256368753323,1.128732208000656,results/twoarm/GA_results_H_50_obs_3_id_5_P100_G200_C1p00_M0p14_T2_E3.csv,results/twoarm/GA_assignment_H_50_obs_3_id_5_P100_G200_C1p00_M0p14_T2_E3.csv,twoarm,5,covariate_matrices_twoarm/H_50_obs_3_id_5.csv,moments_matrices/M_l_2_0.csv
H_50_obs_4_id_1,50,2,4,100,200,1.0,0.14,2,3,123,0.17011425078675033,1.1296100420004223,results/twoarm/GA_results_H_50_obs_4_id_1_P100_G200_C1p00_M0p14_T2_E3.csv,results/twoarm/GA_assignment_H_50_obs_4_id_1_P100_G200_C1p00_M0p14_T2_E3.csv,twoarm,1,covariate_matrices_twoarm/H_50_obs_4_id_1.csv,moments_matrices/M_l_2_1.csv
H_50_obs_4_id_2,50,2,4,100,200,1.0,0.14,2,3,123,0.16884486894574233,1.1330443339993508,results/twoarm/GA_results_H_50_obs_4_id_2_P100_G200_C1p00_M0p14_T2_E3.csv,results/twoarm/GA_assignment_H_50_obs_4_id_2_P100_G200_C1p00_M0p14_T2_E3.csv,twoarm,2,covariate_matrices_twoarm/H_50_obs_4_id_2.csv,moments_matrices/M_l_2_1.csv
H_50_obs_4_id_3,50,2,4,100,200,1.0,0.14,2,3,123,0.19073522639402926,1.139123708000625,results/twoarm/GA_results_H_50_obs_4_id_3_P100_G200_C1p00_M0p14_T2_E3.csv,results/twoarm/GA_assignment_H_50_obs_4_id_3_P100_G200_C1p00_M0p14_T2_E3.csv,twoarm,3,covariate_matrices_twoarm/H_50_obs_4_id_3.csv,moments_matrices/M_l_2_1.csv
H_50_obs_4_id_4,50,2,4,100,200,1.0,0.14,2,3,123,0.1734406352129756,1.1564231669999572,results/twoarm/GA_results_H_50_obs_4_id_4_P100_G200_C1p00_M0p14_T2_E3.csv,results/twoarm/GA_assignment_H_50_obs_4_id_4_P100_G200_C1p00_M0p14_T2_E3.csv,twoarm,4,covariate_matrices_twoarm/H_50_obs_4_id_4.csv,moments_matrices/M_l_2_1.csv
H_50_obs_4_id_5,50,2,4,100,200,1.0,0.14,2,3,123,0.17145501472110514,1.1734296249996987,results/twoarm/GA_results_H_50_obs_4_id_5_P100_G200_C1p00_M0p14_T2_E3.csv,results/twoarm/GA_assignment_H_50_obs_4_id_5_P100_G200_C1p00_M0p14_T2_E3.csv,twoarm,5,covariate_matrices_twoarm/H_50_obs_4_id_5.csv,moments_matrices/M_l_2_1.csv
H_50_obs_5_id_1,50,2,5,100,200,1.0,0.14,2,3,123,0.2274754951375516,1.166729458998816,results/twoarm/GA_results_H_50_obs_5_id_1_P100_G200_C1p00_M0p14_T2_E3.csv,results/twoarm/GA_assignment_H_50_obs_5_id_1_P100_G200_C1p00_M0p14_T2_E3.csv,twoarm,1,covariate_matrices_twoarm/H_50_obs_5_id_1.csv,moments_matrices/M_l_2_2.csv
H_50_obs_5_id_2,50,2,5,100,200,1.0,0.14,2,3,123,0.22522310928869554,1.1659037079989503,results/twoarm/GA_results_H_50_obs_5_id_2_P100_G200_C1p00_M0p14_T2_E3.csv,results/twoarm/GA_assignment_H_50_obs_5_id_2_P100_G200_C1p00_M0p14_T2_E3.csv,twoarm,2,covariate_matrices_twoarm/H_50_obs_5_id_2.csv,moments_matrices/M_l_2_2.csv
H_50_obs_5_id_3,50,2,5,100,200,1.0,0.14,2,3,123,0.22703805017867326,1.1658309169997665,results/twoarm/GA_results_H_50_obs_5_id_3_P100_G200_C1p00_M0p14_T2_E3.csv,results/twoarm/GA_assignment_H_50_obs_5_id_3_P100_G200_C1p00_M0p14_T2_E3.csv,twoarm,3,covariate_matrices_twoarm/H_50_obs_5_id_3.csv,moments_matrices/M_l_2_2.csv
H_50_obs_5_id_4,50,2,5,100,200,1.0,0.14,2,3,123,0.22378311430900097,1.1651113749994693,results/twoarm/GA_results_H_50_obs_5_id_4_P100_G200_C1p00_M0p14_T2_E3.csv,results/twoarm/GA_assignment_H_50_obs_5_id_4_P100_G200_C1p00_M0p14_T2_E3.csv,twoarm,4,covariate_matrices_twoarm/H_50_obs_5_id_4.csv,moments_matrices/M_l_2_2.csv
H_50_obs_5_id_5,50,2,5,100,200,1.0,0.14,2,3,123,0.23930879595892374,1.1694153749995166,results/twoarm/GA_results_H_50_obs_5_id_5_P100_G200_C1p00_M0p14_T2_E3.csv,results/twoarm/GA_assignment_H_50_obs_5_id_5_P100_G200_C1p00_M0p14_T2_E3.csv,twoarm,5,covariate_matrices_twoarm/H_50_obs_5_id_5.csv,moments_matrices/M_l_2_2.csv
H_120_obs_3_id_1,120,3,3,100,200,1.0,0.14,2,3,123,0.08167545836937715,2.437154166000255,results/multiarm/groups_3/GA_results_H_120_obs_3_id_1_P100_G200_C1p00_M0p14_T2_E3.csv,results/multiarm/groups_3/GA_assignment_H_120_obs_3_id_1_P100_G200_C1p00_M0p14_T2_E3.csv,multiarm,1,covariate_matrices_multiarm/H_120_obs_3_id_1.csv,moments_matrices/M_l_2_0.csv
H_120_obs_3_id_2,120,3,3,100,200,1.0,0.14,2,3,123,0.08904387964474358,2.440446750000774,results/multiarm/groups_3/GA_results_H_120_obs_3_id_2_P100_G200_C1p00_M0p14_T2_E3.csv,results/multiarm/groups_3/GA_assignment_H_120_obs_3_id_2_P100_G200_C1p00_M0p14_T2_E3.csv,multiarm,2,covariate_matrices_multiarm/H_120_obs_3_id_2.csv,moments_matrices/M_l_2_0.csv
H_120_obs_3_id_3,120,3,3,100,200,1.0,0.14,2,3,123,0.08681215296163344,2.480918417000794,results/multiarm/groups_3/GA_results_H_120_obs_3_id_3_P100_G200_C1p00_M0p14_T2_E3.csv,results/multiarm/groups_3/GA_assignment_H_120_obs_3_id_3_P100_G200_C1p00_M0p14_T2_E3.csv,multiarm,3,covariate_matrices_multiarm/H_120_obs_3_id_3.csv,moments_matrices/M_l_2_0.csv
H_120_obs_3_id_4,120,3,3,100,200,1.0,0.14,2,3,123,0.09369975147223762,2.4772978330001934,results/multiarm/groups_3/GA_results_H_120_obs_3_id_4_P100_G200_C1p00_M0p14_T2_E3.csv,results/multiarm/groups_3/GA_assignment_H_120_obs_3_id_4_P100_G200_C1p00_M0p14_T2_E3.csv,multiarm,4,covariate_matrices_multiarm/H_120_obs_3_id_4.csv,moments_matrices/M_l_2_0.csv
H_120_obs_3_id_5,120,3,3,100,200,1.0,0.14,2,3,123,0.08117432494689453,2.4611270839995996,results/multiarm/groups_3/GA_results_H_120_obs_3_id_5_P100_G200_C1p00_M0p14_T2_E3.csv,results/multiarm/groups_3/GA_assignment_H_120_obs_3_id_5_P100_G200_C1p00_M0p14_T2_E3.csv,multiarm,5,covariate_matrices_multiarm/H_120_obs_3_id_5.csv,moments_matrices/M_l_2_0.csv
H_120_obs_5_id_1,120,3,5,100,200,1.0,0.14,2,3,123,0.1500846717662612,2.5037423329995363,results/multiarm/groups_3/GA_results_H_120_obs_5_id_1_P100_G200_C1p00_M0p14_T2_E3.csv,results/multiarm/groups_3/GA_assignment_H_120_obs_5_id_1_P100_G200_C1p00_M0p14_T2_E3.csv,multiarm,1,covariate_matrices_multiarm/H_120_obs_5_id_1.csv,moments_matrices/M_l_4_0.csv
H_120_obs_5_id_2,120,3,5,100,200,1.0,0.14,2,3,123,0.14288496572615025,2.525857291999273,results/multiarm/groups_3/GA_results_H_120_obs_5_id_2_P100_G200_C1p00_M0p14_T2_E3.csv,results/multiarm/groups_3/GA_assignment_H_120_obs_5_id_2_P100_G200_C1p00_M0p14_T2_E3.csv,multiarm,2,covariate_matrices_multiarm/H_120_obs_5_id_2.csv,moments_matrices/M_l_4_0.csv
H_120_obs_5_id_3,120,3,5,100,200,1.0,0.14,2,3,123,0.14219520722391107,2.5415328330000193,results/multiarm/groups_3/GA_results_H_120_obs_5_id_3_P100_G200_C1p00_M0p14_T2_E3.csv,results/multiarm/groups_3/GA_assignment_H_120_obs_5_id_3_P100_G200_C1p00_M0p14_T2_E3.csv,multiarm,3,covariate_matrices_multiarm/H_120_obs_5_id_3.csv,moments_matrices/M_l_4_0.csv
H_120_obs_5_id_4,120,3,5,100,200,1.0,0.14,2,3,123,0.1448042789088016,2.529810333999194,results/multiarm/groups_3/GA_results_H_120_obs_5_id_4_P100_G200_C1p00_M0p14_T2_E3.csv,results/multiarm/groups_3/GA_assignment_H_120_obs_5_id_4_P100_G200_C1p00_M0p14_T2_E3.csv,multiarm,4,covariate_matrices_multiarm/H_120_obs_5_id_4.csv,moments_matrices/M_l_4_0.csv
H_120_obs_5_id_5,120,3,5,100,200,1.0,0.14,2,3,123,0.15170276451355463,2.5444447080008104,results/multiarm/groups_3/GA_results_H_120_obs_5_id_5_P100_G200_C1p00_M0p14_T2_E3.csv,results/multiarm/groups_3/GA_assignment_H_120_obs_5_id_5_P100_G200_C1p00_M0p14_T2_E3.csv,multiarm,5,covariate_matrices_multiarm/H_120_obs_5_id_5.csv,moments_matrices/M_l_4_0.csv
H_240_obs_3_id_1,240,3,3,100,200,1.0,0.14,2,3,123,0.04230765715627802,4.9952782499985915,results/multiarm/groups_3/GA_results_H_240_obs_3_id_1_P100_G200_C1p00_M0p14_T2_E3.csv,results/multiarm/groups_3/GA_assignment_H_240_obs_3_id_1_P100_G200_C1p00_M0p14_T2_E3.csv,multiarm,1,covariate_matrices_multiarm/H_240_obs_3_id_1.csv,moments_matrices/M_l_2_0.csv
H_240_obs_3_id_2,240,3,3,100,200,1.0,0.14,2,3,123,0.03964678302934596,4.984935417000088,results/multiarm/groups_3/GA_results_H_240_obs_3_id_2_P100_G200_C1p00_M0p14_T2_E3.csv,results/multiarm/groups_3/GA_assignment_H_240_obs_3_id_2_P100_G200_C1p00_M0p14_T2_E3.csv,multiarm,2,covariate_matrices_multiarm/H_240_obs_3_id_2.csv,moments_matrices/M_l_2_0.csv
H_240_obs_3_id_3,240,3,3,100,200,1.0,0.14,2,3,123,0.04289708719912769,5.004603083001712,results/multiarm/groups_3/GA_results_H_240_obs_3_id_3_P100_G200_C1p00_M0p14_T2_E3.csv,results/multiarm/groups_3/GA_assignment_H_240_obs_3_id_3_P100_G200_C1p00_M0p14_T2_E3.csv,multiarm,3,covariate_matrices_multiarm/H_240_obs_3_id_3.csv,moments_matrices/M_l_2_0.csv
H_240_obs_3_id_4,240,3,3,100,200,1.0,0.14,2,3,123,0.044048162937280366,5.00844429099925,results/multiarm/groups_3/GA_results_H_240_obs_3_id_4_P100_G200_C1p00_M0p14_T2_E3.csv,results/multiarm/groups_3/GA_assignment_H_240_obs_3_id_4_P100_G200_C1p00_M0p14_T2_E3.csv,multiarm,4,covariate_matrices_multiarm/H_240_obs_3_id_4.csv,moments_matrices/M_l_2_0.csv
H_240_obs_3_id_5,240,3,3,100,200,1.0,0.14,2,3,123,0.042617487577505705,4.991574499999842,results/multiarm/groups_3/GA_results_H_240_obs_3_id_5_P100_G200_C1p00_M0p14_T2_E3.csv,results/multiarm/groups_3/GA_assignment_H_240_obs_3_id_5_P100_G200_C1p00_M0p14_T2_E3.csv,multiarm,5,covariate_matrices_multiarm/H_240_obs_3_id_5.csv,moments_matrices/M_l_2_0.csv
H_240_obs_5_id_1,240,3,5,100,200,1.0,0.14,2,3,123,0.07232837655000302,5.05996999999843,results/multiarm/groups_3/GA_results_H_240_obs_5_id_1_P100_G200_C1p00_M0p14_T2_E3.csv,results/multiarm/groups_3/GA_assignment_H_240_obs_5_id_1_P100_G200_C1p00_M0p14_T2_E3.csv,multiarm,1,covariate_matrices_multiarm/H_240_obs_5_id_1.csv,moments_matrices/M_l_4_0.csv
H_240_obs_5_id_2,240,3,5,100,200,1.0,0.14,2,3,123,0.07164756566607913,5.128154291000101,results/multiarm/groups_3/GA_results_H_240_obs_5_id_2_P100_G200_C1p00_M0p14_T2_E3.csv,results/multiarm/groups_3/GA_assignment_H_240_obs_5_id_2_P100_G200_C1p00_M0p14_T2_E3.csv,multiarm,2,covariate_matrices_multiarm/H_240_obs_5_id_2.csv,moments_matrices/M_l_4_0.csv
H_240_obs_5_id_3,240,3,5,100,200,1.0,0.14,2,3,123,0.07158811037017082,5.1742350830008945,results/multiarm/groups_3/GA_results_H_240_obs_5_id_3_P100_G200_C1p00_M0p14_T2_E3.csv,results/multiarm/groups_3/GA_assignment_H_240_obs_5_id_3_P100_G200_C1p00_M0p14_T2_E3.csv,multiarm,3,covariate_matrices_multiarm/H_240_obs_5_id_3.csv,moments_matrices/M_l_4_0.csv
H_240_obs_5_id_4,240,3,5,100,200,1.0,0.14,2,3,123,0.06796217845428601,5.096495499999946,results/multiarm/groups_3/GA_results_H_240_obs_5_id_4_P100_G200_C1p00_M0p14_T2_E3.csv,results/multiarm/groups_3/GA_assignment_H_240_obs_5_id_4_P100_G200_C1p00_M0p14_T2_E3.csv,multiarm,4,covariate_matrices_multiarm/H_240_obs_5_id_4.csv,moments_matrices/M_l_4_0.csv
H_240_obs_5_id_5,240,3,5,100,200,1.0,0.14,2,3,123,0.07191073614643834,5.133161959000063,results/multiarm/groups_3/GA_results_H_240_obs_5_id_5_P100_G200_C1p00_M0p14_T2_E3.csv,results/multiarm/groups_3/GA_assignment_H_240_obs_5_id_5_P100_G200_C1p00_M0p14_T2_E3.csv,multiarm,5,covariate_matrices_multiarm/H_240_obs_5_id_5.csv,moments_matrices/M_l_4_0.csv
H_360_obs_3_id_1,360,3,3,100,200,1.0,0.14,2,3,123,0.028273339231046107,8.87804474999939,results/multiarm/groups_3/GA_results_H_360_obs_3_id_1_P100_G200_C1p00_M0p14_T2_E3.csv,results/multiarm/groups_3/GA_assignment_H_360_obs_3_id_1_P100_G200_C1p00_M0p14_T2_E3.csv,multiarm,1,covariate_matrices_multiarm/H_360_obs_3_id_1.csv,moments_matrices/M_l_2_0.csv
H_360_obs_3_id_2,360,3,3,100,200,1.0,0.14,2,3,123,0.02884744339486106,8.733749958000772,results/multiarm/groups_3/GA_results_H_360_obs_3_id_2_P100_G200_C1p00_M0p14_T2_E3.csv,results/multiarm/groups_3/GA_assignment_H_360_obs_3_id_2_P100_G200_C1p00_M0p14_T2_E3.csv,multiarm,2,covariate_matrices_multiarm/H_360_obs_3_id_2.csv,moments_matrices/M_l_2_0.csv
H_360_obs_3_id_3,360,3,3,100,200,1.0,0.14,2,3,123,0.026738630909510203,8.865292915999817,results/multiarm/groups_3/GA_results_H_360_obs_3_id_3_P100_G200_C1p00_M0p14_T2_E3.csv,results/multiarm/groups_3/GA_assignment_H_360_obs_3_id_3_P100_G200_C1p00_M0p14_T2_E3.csv,multiarm,3,covariate_matrices_multiarm/H_360_obs_3_id_3.csv,moments_matrices/M_l_2_0.csv
H_360_obs_3_id_4,360,3,3,100,200,1.0,0.14,2,3,123,0.028064934018902726,8.73857020899959,results/multiarm/groups_3/GA_results_H_360_obs_3_id_4_P100_G200_C1p00_M0p14_T2_E3.csv,results/multiarm/groups_3/GA_assignment_H_360_obs_3_id_4_P100_G200_C1p00_M0p14_T2_E3.csv,multiarm,4,covariate_matrices_multiarm/H_360_obs_3_id_4.csv,moments_matrices/M_l_2_0.csv
H_360_obs_3_id_5,360,3,3,100,200,1.0,0.14,2,3,123,0.025761614184256286,8.821678042000713,results/multiarm/groups_3/GA_results_H_360_obs_3_id_5_P100_G200_C1p00_M0p14_T2_E3.csv,results/multiarm/groups_3/GA_assignment_H_360_obs_3_id_5_P100_G200_C1p00_M0p14_T2_E3.csv,multiarm,5,covariate_matrices_multiarm/H_360_obs_3_id_5.csv,moments_matrices/M_l_2_0.csv
H_360_obs_5_id_1,360,3,5,100,200,1.0,0.14,2,3,123,0.04665978457053526,8.81131383399952,results/multiarm/groups_3/GA_results_H_360_obs_5_id_1_P100_G200_C1p00_M0p14_T2_E3.csv,results/multiarm/groups_3/GA_assignment_H_360_obs_5_id_1_P100_G200_C1p00_M0p14_T2_E3.csv,multiarm,1,covariate_matrices_multiarm/H_360_obs_5_id_1.csv,moments_matrices/M_l_4_0.csv
H_360_obs_5_id_2,360,3,5,100,200,1.0,0.14,2,3,123,0.04824065851349953,8.88704400000097,results/multiarm/groups_3/GA_results_H_360_obs_5_id_2_P100_G200_C1p00_M0p14_T2_E3.csv,results/multiarm/groups_3/GA_assignment_H_360_obs_5_id_2_P100_G200_C1p00_M0p14_T2_E3.csv,multiarm,2,covariate_matrices_multiarm/H_360_obs_5_id_2.csv,moments_matrices/M_l_4_0.csv
H_360_obs_5_id_3,360,3,5,100,200,1.0,0.14,2,3,123,0.047574615979495485,8.869594000001598,results/multiarm/groups_3/GA_results_H_360_obs_5_id_3_P100_G200_C1p00_M0p14_T2_E3.csv,results/multiarm/groups_3/GA_assignment_H_360_obs_5_id_3_P100_G200_C1p00_M0p14_T2_E3.csv,multiarm,3,covariate_matrices_multiarm/H_360_obs_5_id_3.csv,moments_matrices/M_l_4_0.csv
H_360_obs_5_id_4,360,3,5,100,200,1.0,0.14,2,3,123,0.048077281864195034,8.982999416999519,results/multiarm/groups_3/GA_results_H_360_obs_5_id_4_P100_G200_C1p00_M0p14_T2_E3.csv,results/multiarm/groups_3/GA_assignment_H_360_obs_5_id_4_P100_G200_C1p00_M0p14_T2_E3.csv,multiarm,4,covariate_matrices_multiarm/H_360_obs_5_id_4.csv,moments_matrices/M_l_4_0.csv
H_360_obs_5_id_5,360,3,5,100,200,1.0,0.14,2,3,123,0.04667742474458876,8.933926375000738,results/multiarm/groups_3/GA_results_H_360_obs_5_id_5_P100_G200_C1p00_M0p14_T2_E3.csv,results/multiarm/groups_3/GA_assignment_H_360_obs_5_id_5_P100_G200_C1p00_M0p14_T2_E3.csv,multiarm,5,covariate_matrices_multiarm/H_360_obs_5_id_5.csv,moments_matrices/M_l_4_0.csv
H_120_obs_3_id_1,120,4,3,100,200,1.0,0.14,2,3,123,0.10893918210617204,2.720294124999782,results/multiarm/groups_4/GA_results_H_120_obs_3_id_1_P100_G200_C1p00_M0p14_T2_E3.csv,results/multiarm/groups_4/GA_assignment_H_120_obs_3_id_1_P100_G200_C1p00_M0p14_T2_E3.csv,multiarm,1,covariate_matrices_multiarm/H_120_obs_3_id_1.csv,moments_matrices/M_l_2_0.csv
H_120_obs_3_id_2,120,4,3,100,200,1.0,0.14,2,3,123,0.11929023714913542,2.7351805420003075,results/multiarm/groups_4/GA_results_H_120_obs_3_id_2_P100_G200_C1p00_M0p14_T2_E3.csv,results/multiarm/groups_4/GA_assignment_H_120_obs_3_id_2_P100_G200_C1p00_M0p14_T2_E3.csv,multiarm,2,covariate_matrices_multiarm/H_120_obs_3_id_2.csv,moments_matrices/M_l_2_0.csv
H_120_obs_3_id_3,120,4,3,100,200,1.0,0.14,2,3,123,0.1159289693230347,2.714110291999532,results/multiarm/groups_4/GA_results_H_120_obs_3_id_3_P100_G200_C1p00_M0p14_T2_E3.csv,results/multiarm/groups_4/GA_assignment_H_120_obs_3_id_3_P100_G200_C1p00_M0p14_T2_E3.csv,multiarm,3,covariate_matrices_multiarm/H_120_obs_3_id_3.csv,moments_matrices/M_l_2_0.csv
H_120_obs_3_id_4,120,4,3,100,200,1.0,0.14,2,3,123,0.12529299537286748,2.7209794590016827,results/multiarm/groups_4/GA_results_H_120_obs_3_id_4_P100_G200_C1p00_M0p14_T2_E3.csv,results/multiarm/groups_4/GA_assignment_H_120_obs_3_id_4_P100_G200_C1p00_M0p14_T2_E3.csv,multiarm,4,covariate_matrices_multiarm/H_120_obs_3_id_4.csv,moments_matrices/M_l_2_0.csv
H_120_obs_3_id_5,120,4,3,100,200,1.0,0.14,2,3,123,0.10843558461368126,2.7018270829994435,results/multiarm/groups_4/GA_results_H_120_obs_3_id_5_P100_G200_C1p00_M0p14_T2_E3.csv,results/multiarm/groups_4/GA_assignment_H_120_obs_3_id_5_P100_G200_C1p00_M0p14_T2_E3.csv,multiarm,5,covariate_matrices_multiarm/H_120_obs_3_id_5.csv,moments_matrices/M_l_2_0.csv
H_120_obs_5_id_1,120,4,5,100,200,1.0,0.14,2,3,123,0.2016891439119636,2.7890088339991053,results/multiarm/groups_4/GA_results_H_120_obs_5_id_1_P100_G200_C1p00_M0p14_T2_E3.csv,results/multiarm/groups_4/GA_assignment_H_120_obs_5_id_1_P100_G200_C1p00_M0p14_T2_E3.csv,multiarm,1,covariate_matrices_multiarm/H_120_obs_5_id_1.csv,moments_matrices/M_l_4_0.csv
H_120_obs_5_id_2,120,4,5,100,200,1.0,0.14,2,3,123,0.1931710488600729,2.7824621250001655,results/multiarm/groups_4/GA_results_H_120_obs_5_id_2_P100_G200_C1p00_M0p14_T2_E3.csv,results/multiarm/groups_4/GA_assignment_H_120_obs_5_id_2_P100_G200_C1p00_M0p14_T2_E3.csv,multiarm,2,covariate_matrices_multiarm/H_120_obs_5_id_2.csv,moments_matrices/M_l_4_0.csv
H_120_obs_5_id_3,120,4,5,100,200,1.0,0.14,2,3,123,0.19067846817190562,2.809333040999263,results/multiarm/groups_4/GA_results_H_120_obs_5_id_3_P100_G200_C1p00_M0p14_T2_E3.csv,results/multiarm/groups_4/GA_assignment_H_120_obs_5_id_3_P100_G200_C1p00_M0p14_T2_E3.csv,multiarm,3,covariate_matrices_multiarm/H_120_obs_5_id_3.csv,moments_matrices/M_l_4_0.csv
H_120_obs_5_id_4,120,4,5,100,200,1.0,0.14,2,3,123,0.19407503139918375,2.770414582999365,results/multiarm/groups_4/GA_results_H_120_obs_5_id_4_P100_G200_C1p00_M0p14_T2_E3.csv,results/multiarm/groups_4/GA_assignment_H_120_obs_5_id_4_P100_G200_C1p00_M0p14_T2_E3.csv,multiarm,4,covariate_matrices_multiarm/H_120_obs_5_id_4.csv,moments_matrices/M_l_4_0.csv
H_120_obs_5_id_5,120,4,5,100,200,1.0,0.14,2,3,123,0.20415322493744512,2.780822332999378,results/multiarm/groups_4/GA_results_H_120_obs_5_id_5_P100_G200_C1p00_M0p14_T2_E3.csv,results/multiarm/groups_4/GA_assignment_H_120_obs_5_id_5_P100_G200_C1p00_M0p14_T2_E3.csv,multiarm,5,covariate_matrices_multiarm/H_120_obs_5_id_5.csv,moments_matrices/M_l_4_0.csv
H_240_obs_3_id_1,240,4,3,100,200,1.0,0.14,2,3,123,0.05648001785963777,5.232548665999275,results/multiarm/groups_4/GA_results_H_240_obs_3_id_1_P100_G200_C1p00_M0p14_T2_E3.csv,results/multiarm/groups_4/GA_assignment_H_240_obs_3_id_1_P100_G200_C1p00_M0p14_T2_E3.csv,multiarm,1,covariate_matrices_multiarm/H_240_obs_3_id_1.csv,moments_matrices/M_l_2_0.csv
H_240_obs_3_id_2,240,4,3,100,200,1.0,0.14,2,3,123,0.052915801376785546,5.2109374169995135,results/multiarm/groups_4/GA_results_H_240_obs_3_id_2_P100_G200_C1p00_M0p14_T2_E3.csv,results/multiarm/groups_4/GA_assignment_H_240_obs_3_id_2_P100_G200_C1p00_M0p14_T2_E3.csv,multiarm,2,covariate_matrices_multiarm/H_240_obs_3_id_2.csv,moments_matrices/M_l_2_0.csv
H_240_obs_3_id_3,240,4,3,100,200,1.0,0.14,2,3,123,0.057220427471410276,5.231428082999628,results/multiarm/groups_4/GA_results_H_240_obs_3_id_3_P100_G200_C1p00_M0p14_T2_E3.csv,results/multiarm/groups_4/GA_assignment_H_240_obs_3_id_3_P100_G200_C1p00_M0p14_T2_E3.csv,multiarm,3,covariate_matrices_multiarm/H_240_obs_3_id_3.csv,moments_matrices/M_l_2_0.csv
H_240_obs_3_id_4,240,4,3,100,200,1.0,0.14,2,3,123,0.05877936955903859,5.276601790999848,results/multiarm/groups_4/GA_results_H_240_obs_3_id_4_P100_G200_C1p00_M0p14_T2_E3.csv,results/multiarm/groups_4/GA_assignment_H_240_obs_3_id_4_P100_G200_C1p00_M0p14_T2_E3.csv,multiarm,4,covariate_matrices_multiarm/H_240_obs_3_id_4.csv,moments_matrices/M_l_2_0.csv
H_240_obs_3_id_5,240,4,3,100,200,1.0,0.14,2,3,123,0.05693677661996005,5.267223749999175,results/multiarm/groups_4/GA_results_H_240_obs_3_id_5_P100_G200_C1p00_M0p14_T2_E3.csv,results/multiarm/groups_4/GA_assignment_H_240_obs_3_id_5_P100_G200_C1p00_M0p14_T2_E3.csv,multiarm,5,covariate_matrices_multiarm/H_240_obs_3_id_5.csv,moments_matrices/M_l_2_0.csv
H_240_obs_5_id_1,240,4,5,100,200,1.0,0.14,2,3,123,0.09693887990768293,5.402388625001549,results/multiarm/groups_4/GA_results_H_240_obs_5_id_1_P100_G200_C1p00_M0p14_T2_E3.csv,results/multiarm/groups_4/GA_assignment_H_240_obs_5_id_1_P100_G200_C1p00_M0p14_T2_E3.csv,multiarm,1,covariate_matrices_multiarm/H_240_obs_5_id_1.csv,moments_matrices/M_l_4_0.csv
H_240_obs_5_id_2,240,4,5,100,200,1.0,0.14,2,3,123,0.09623961431433832,5.366229291001218,results/multiarm/groups_4/GA_results_H_240_obs_5_id_2_P100_G200_C1p00_M0p14_T2_E3.csv,results/multiarm/groups_4/GA_assignment_H_240_obs_5_id_2_P100_G200_C1p00_M0p14_T2_E3.csv,multiarm,2,covariate_matrices_multiarm/H_240_obs_5_id_2.csv,moments_matrices/M_l_4_0.csv
H_240_obs_5_id_3,240,4,5,100,200,1.0,0.14,2,3,123,0.09585926953140303,5.386659166000754,results/multiarm/groups_4/GA_results_H_240_obs_5_id_3_P100_G200_C1p00_M0p14_T2_E3.csv,results/multiarm/groups_4/GA_assignment_H_240_obs_5_id_3_P100_G200_C1p00_M0p14_T2_E3.csv,multiarm,3,covariate_matrices_multiarm/H_240_obs_5_id_3.csv,moments_matrices/M_l_4_0.csv
H_240_obs_5_id_4,240,4,5,100,200,1.0,0.14,2,3,123,0.09115063467970314,5.33931825000036,results/multiarm/groups_4/GA_results_H_240_obs_5_id_4_P100_G200_C1p00_M0p14_T2_E3.csv,results/multiarm/groups_4/GA_assignment_H_240_obs_5_id_4_P100_G200_C1p00_M0p14_T2_E3.csv,multiarm,4,covariate_matrices_multiarm/H_240_obs_5_id_4.csv,moments_matrices/M_l_4_0.csv
H_240_obs_5_id_5,240,4,5,100,200,1.0,0.14,2,3,123,0.09625198710075987,5.270848874999501,results/multiarm/groups_4/GA_results_H_240_obs_5_id_5_P100_G200_C1p00_M0p14_T2_E3.csv,results/multiarm/groups_4/GA_assignment_H_240_obs_5_id_5_P100_G200_C1p00_M0p14_T2_E3.csv,multiarm,5,covariate_matrices_multiarm/H_240_obs_5_id_5.csv,moments_matrices/M_l_4_0.csv
H_360_obs_3_id_1,360,4,3,100,200,1.0,0.14,2,3,123,0.03772136935981463,8.942786624998917,results/multiarm/groups_4/GA_results_H_360_obs_3_id_1_P100_G200_C1p00_M0p14_T2_E3.csv,results/multiarm/groups_4/GA_assignment_H_360_obs_3_id_1_P100_G200_C1p00_M0p14_T2_E3.csv,multiarm,1,covariate_matrices_multiarm/H_360_obs_3_id_1.csv,moments_matrices/M_l_2_0.csv
H_360_obs_3_id_2,360,4,3,100,200,1.0,0.14,2,3,123,0.038485809520817066,8.912641332999556,results/multiarm/groups_4/GA_results_H_360_obs_3_id_2_P100_G200_C1p00_M0p14_T2_E3.csv,results/multiarm/groups_4/GA_assignment_H_360_obs_3_id_2_P100_G200_C1p00_M0p14_T2_E3.csv,multiarm,2,covariate_matrices_multiarm/H_360_obs_3_id_2.csv,moments_matrices/M_l_2_0.csv
H_360_obs_3_id_3,360,4,3,100,200,1.0,0.14,2,3,123,0.035688503814445646,8.96859087499979,results/multiarm/groups_4/GA_results_H_360_obs_3_id_3_P100_G200_C1p00_M0p14_T2_E3.csv,results/multiarm/groups_4/GA_assignment_H_360_obs_3_id_3_P100_G200_C1p00_M0p14_T2_E3.csv,multiarm,3,covariate_matrices_multiarm/H_360_obs_3_id_3.csv,moments_matrices/M_l_2_0.csv
H_360_obs_3_id_4,360,4,3,100,200,1.0,0.14,2,3,123,0.037457569768706234,8.903595082998436,results/multiarm/groups_4/GA_results_H_360_obs_3_id_4_P100_G200_C1p00_M0p14_T2_E3.csv,results/multiarm/groups_4/GA_assignment_H_360_obs_3_id_4_P100_G200_C1p00_M0p14_T2_E3.csv,multiarm,4,covariate_matrices_multiarm/H_360_obs_3_id_4.csv,moments_matrices/M_l_2_0.csv
H_360_obs_3_id_5,360,4,3,100,200,1.0,0.14,2,3,123,0.03435944165596256,9.0078090420011,results/multiarm/groups_4/GA_results_H_360_obs_3_id_5_P100_G200_C1p00_M0p14_T2_E3.csv,results/multiarm/groups_4/GA_assignment_H_360_obs_3_id_5_P100_G200_C1p00_M0p14_T2_E3.csv,multiarm,5,covariate_matrices_multiarm/H_360_obs_3_id_5.csv,moments_matrices/M_l_2_0.csv
H_360_obs_5_id_1,360,4,5,100,200,1.0,0.14,2,3,123,0.062410259637927214,9.065618250000625,results/multiarm/groups_4/GA_results_H_360_obs_5_id_1_P100_G200_C1p00_M0p14_T2_E3.csv,results/multiarm/groups_4/GA_assignment_H_360_obs_5_id_1_P100_G200_C1p00_M0p14_T2_E3.csv,multiarm,1,covariate_matrices_multiarm/H_360_obs_5_id_1.csv,moments_matrices/M_l_4_0.csv
H_360_obs_5_id_2,360,4,5,100,200,1.0,0.14,2,3,123,0.06467352847165382,9.087867708001795,results/multiarm/groups_4/GA_results_H_360_obs_5_id_2_P100_G200_C1p00_M0p14_T2_E3.csv,results/multiarm/groups_4/GA_assignment_H_360_obs_5_id_2_P100_G200_C1p00_M0p14_T2_E3.csv,multiarm,2,covariate_matrices_multiarm/H_360_obs_5_id_2.csv,moments_matrices/M_l_4_0.csv
H_360_obs_5_id_3,360,4,5,100,200,1.0,0.14,2,3,123,0.06364977172186984,9.199538291000863,results/multiarm/groups_4/GA_results_H_360_obs_5_id_3_P100_G200_C1p00_M0p14_T2_E3.csv,results/multiarm/groups_4/GA_assignment_H_360_obs_5_id_3_P100_G200_C1p00_M0p14_T2_E3.csv,multiarm,3,covariate_matrices_multiarm/H_360_obs_5_id_3.csv,moments_matrices/M_l_4_0.csv
H_360_obs_5_id_4,360,4,5,100,200,1.0,0.14,2,3,123,0.06432574048678791,9.023947917001351,results/multiarm/groups_4/GA_results_H_360_obs_5_id_4_P100_G200_C1p00_M0p14_T2_E3.csv,results/multiarm/groups_4/GA_assignment_H_360_obs_5_id_4_P100_G200_C1p00_M0p14_T2_E3.csv,multiarm,4,covariate_matrices_multiarm/H_360_obs_5_id_4.csv,moments_matrices/M_l_4_0.csv
H_360_obs_5_id_5,360,4,5,100,200,1.0,0.14,2,3,123,0.06234141215446613,9.07473220799875,results/multiarm/groups_4/GA_results_H_360_obs_5_id_5_P100_G200_C1p00_M0p14_T2_E3.csv,results/multiarm/groups_4/GA_assignment_H_360_obs_5_id_5_P100_G200_C1p00_M0p14_T2_E3.csv,multiarm,5,covariate_matrices_multiarm/H_360_obs_5_id_5.csv,moments_matrices/M_l_4_0.csv
